"Position";"Sequence_1";"Sequence_2";"Sequence_3";"Sequence_4";"Sequence_5";"Sequence_6";"Sequence_7";"Sequence_8"
1;0;0;0;0;0;0;0;0
2;0;0;0;0;0;0;0;0
3;0;0;0;1;1;0;0;1
4;0;0;0;1;1;0;0;1
5;0;0;0;1;1;0;0;1
6;0;0;0;1;1;0;0;1
7;0;0;0;1;1;0;0;1
8;0;0;0;1;1;0;0;1
9;1;1;1;2;2;1;1;2
10;1;1;1;2;2;1;1;2
11;1;1;1;2;2;1;1;2
12;1;1;1;2;2;1;1;2
13;1;2;1;2;2;1;1;2
14;2;2;1;2;2;1;1;2
15;2;2;1;2;2;1;1;2
16;2;2;1;2;2;1;1;2
17;2;2;1;2;2;1;1;3
18;2;3;1;2;2;1;1;3
19;2;3;1;2;2;1;1;3
20;2;3;1;2;2;1;1;3
21;2;3;2;2;2;1;1;3
22;2;3;2;2;3;1;1;3
23;2;3;2;2;3;1;1;4
24;3;3;2;2;3;1;1;4
25;3;3;2;3;3;1;1;4
26;3;3;2;3;4;1;1;4
27;3;3;2;3;4;1;1;4
28;3;3;2;3;4;2;1;4
29;3;3;2;4;4;2;1;4
30;3;3;2;4;4;2;1;4
31;3;3;2;4;4;2;1;4
32;3;3;2;4;4;2;1;4
33;3;4;2;4;4;3;1;4
34;3;4;2;4;4;3;1;5
35;3;4;2;4;4;3;1;5
36;3;4;2;4;5;3;1;5
37;3;4;2;4;5;3;1;5
38;3;4;2;4;5;3;1;6
39;3;4;2;4;6;3;1;6
40;3;4;2;5;6;3;1;6
41;3;4;2;5;6;3;1;6
42;3;4;2;5;6;3;1;6
43;3;4;3;5;6;3;1;6
44;3;4;3;5;6;3;1;6
45;3;4;3;5;7;3;1;6
46;3;4;3;5;7;3;1;7
47;3;4;3;5;7;4;1;7
48;3;4;3;5;7;4;1;7
49;3;4;3;5;7;4;1;7
50;3;4;3;5;7;4;1;7
51;3;4;4;5;7;4;1;7
52;3;4;4;5;7;4;1;7
53;3;4;4;5;7;4;1;7
54;3;4;4;5;7;4;1;8
55;3;4;4;5;8;5;1;8
56;3;4;4;5;8;5;1;8
57;3;4;4;5;8;5;1;8
58;3;4;4;5;8;5;1;8
59;3;4;4;5;8;5;1;8
60;3;4;4;5;9;5;1;8
61;3;4;4;5;9;5;1;8
62;3;5;4;5;9;5;1;8
63;3;5;4;5;10;5;1;8
64;4;5;4;6;10;5;1;8
65;4;6;4;6;10;5;1;8
66;4;6;4;6;10;5;1;8
67;4;7;4;6;10;5;2;8
68;4;7;4;6;10;5;2;8
69;4;7;4;6;10;5;2;8
70;4;7;4;7;10;5;2;8
71;4;7;4;7;10;5;2;8
72;5;7;4;7;10;5;2;8
73;5;7;4;7;10;5;2;8
74;5;7;4;6;9;5;2;7
75;5;7;4;6;9;5;3;8
76;5;7;4;7;9;5;3;8
77;5;7;4;7;9;5;3;8
78;5;7;4;7;9;5;3;8
79;5;7;4;7;10;5;3;8
80;4;6;3;6;9;4;2;7
81;4;7;3;6;9;4;2;7
82;4;7;3;7;9;4;2;7
83;4;8;4;7;9;4;2;8
84;4;7;4;7;9;4;2;8
85;3;7;4;7;9;4;3;8
86;3;7;4;8;9;4;3;8
87;4;7;4;8;9;4;3;8
88;4;7;4;9;9;4;3;7
89;5;6;4;9;9;4;3;7
90;5;6;4;9;9;4;3;7
91;5;6;4;9;9;4;3;7
92;5;6;3;9;9;4;3;7
93;5;6;3;9;8;5;3;7
94;5;6;3;9;8;5;3;7
95;4;6;3;9;8;5;3;7
96;5;6;3;8;8;5;3;7
97;5;6;3;8;7;5;3;7
98;5;6;3;8;7;5;3;7
99;5;6;3;8;7;4;4;8
100;5;6;3;7;7;4;4;8
101;5;6;3;7;7;4;5;8
102;5;6;3;7;7;4;5;8
103;5;6;3;7;8;4;5;8
104;5;5;3;7;8;3;5;8
105;5;5;3;8;8;3;5;7
106;6;5;3;8;8;3;5;7
107;6;5;3;8;7;3;5;7
108;6;5;3;8;7;3;5;7
109;6;5;3;8;7;3;5;6
110;6;5;3;8;6;3;5;6
111;6;5;3;7;7;3;5;6
112;6;5;3;7;7;4;5;6
113;6;5;3;8;7;4;5;6
114;7;6;2;8;7;4;5;6
115;7;6;2;8;7;4;5;6
116;7;6;2;8;6;4;5;6
117;7;6;2;8;6;4;5;5
118;7;7;2;9;6;3;5;6
119;7;7;3;9;6;3;5;6
120;8;7;3;9;7;3;5;6
121;8;7;3;9;7;3;5;6
122;8;7;2;9;7;3;5;6
123;8;7;3;9;7;3;6;6
124;8;7;3;9;7;3;6;6
125;8;8;3;10;8;3;6;5
126;8;8;3;10;7;3;6;5
127;8;8;3;10;7;3;6;5
128;8;8;3;10;7;3;6;5
129;9;8;3;10;7;3;6;5
130;9;8;3;10;7;4;6;5
131;10;9;4;10;6;4;6;5
132;10;9;4;10;6;4;6;5
133;10;8;4;10;6;4;7;5
134;11;8;5;11;5;4;7;5
135;10;8;5;10;5;5;7;5
136;10;7;5;11;5;5;7;5
137;10;7;5;11;5;5;7;5
138;10;7;5;11;5;5;6;5
139;10;7;5;11;5;5;6;5
140;10;7;5;11;5;5;6;5
141;10;8;6;10;5;5;6;5
142;11;8;6;10;5;5;6;5
143;10;8;6;10;5;5;6;5
144;10;8;6;10;5;5;6;6
145;10;8;7;10;5;5;6;6
146;10;8;7;10;5;5;5;5
147;10;8;7;9;5;6;5;5
148;10;8;7;9;5;6;5;5
149;10;8;7;9;5;6;5;5
150;10;8;7;9;4;6;5;5
151;10;8;7;9;4;6;6;5
152;10;7;7;9;4;6;6;5
153;10;8;7;8;4;7;6;5
154;10;7;6;8;4;7;6;4
155;11;7;6;8;4;7;6;4
156;11;8;6;8;4;7;5;4
157;11;8;6;8;4;7;5;4
158;11;8;6;8;4;7;5;4
159;11;8;6;7;4;7;5;4
160;10;8;6;7;4;7;5;4
161;10;9;6;7;4;7;5;4
162;10;9;7;7;4;7;5;4
163;10;10;7;8;4;7;5;4
164;10;10;7;8;4;6;5;4
165;10;10;7;9;5;6;5;3
166;10;11;7;9;5;6;5;3
167;9;11;7;9;5;7;5;4
168;9;11;7;9;5;7;6;4
169;9;11;7;9;6;7;6;4
170;9;11;8;9;6;7;5;4
171;9;11;8;9;6;8;5;4
172;9;11;8;9;6;8;4;4
173;9;12;8;9;6;8;4;4
174;9;12;8;9;5;8;5;4
175;9;12;8;9;5;8;5;4
176;9;12;8;8;5;9;5;4
177;8;12;8;8;6;9;5;4
178;8;12;9;8;6;9;5;4
179;8;12;9;8;7;10;5;4
180;8;12;9;8;7;10;5;4
181;8;12;9;8;7;10;5;4
182;9;13;9;8;6;10;5;4
183;9;13;10;8;6;9;6;4
184;9;13;10;7;6;9;6;4
185;8;12;10;7;6;9;6;5
186;8;12;11;7;6;9;6;5
187;8;12;11;7;6;9;6;5
188;8;12;11;8;6;9;6;5
189;8;11;11;7;6;9;6;4
190;8;11;10;7;6;9;6;4
191;7;12;10;7;5;9;6;4
192;7;12;10;8;6;9;6;4
193;7;12;11;8;6;9;6;5
194;8;13;10;9;6;9;5;5
195;8;13;10;9;6;9;5;5
196;8;12;10;8;5;9;5;5
197;8;12;10;8;5;9;5;6
198;8;13;10;8;5;9;5;6
199;8;13;10;8;5;9;5;7
200;8;13;10;8;5;9;5;7
201;8;13;10;8;5;8;5;7
202;7;12;9;8;5;8;5;7
203;8;12;10;8;5;8;5;7
204;8;12;10;8;5;8;4;7
205;7;12;9;7;5;8;4;7
206;7;12;9;7;5;7;4;7
207;8;12;9;6;5;7;4;7
208;8;12;9;6;5;7;4;7
209;8;11;9;6;5;7;4;7
210;8;11;9;6;5;7;4;7
211;8;11;9;6;5;7;4;7
212;8;11;8;6;5;8;4;7
213;7;11;8;6;5;8;4;8
214;7;11;8;6;5;9;4;8
215;7;11;8;6;5;9;4;7
216;7;11;7;6;5;9;4;7
217;7;12;7;6;6;9;5;7
218;7;12;7;6;6;8;5;7
219;7;12;7;6;6;8;5;7
220;7;12;7;6;6;9;5;7
221;7;12;7;6;6;9;5;7
222;7;13;7;6;7;9;4;7
223;7;13;7;6;7;9;5;7
224;7;12;7;6;7;8;5;7
225;7;12;7;6;7;8;5;7
226;6;12;7;6;7;8;5;7
227;6;11;7;6;7;8;5;7
228;6;11;7;5;7;8;5;7
229;5;11;7;6;7;8;5;7
230;5;11;7;6;8;8;5;7
231;5;11;7;6;8;8;5;7
232;5;10;7;6;8;8;6;7
233;5;10;7;6;8;8;6;7
234;5;9;7;6;8;8;6;7
235;5;9;7;6;8;8;6;7
236;5;9;7;5;7;9;6;7
237;5;8;7;5;7;9;6;7
238;5;8;7;5;7;8;6;6
239;5;9;7;5;7;8;5;6
240;5;9;7;5;6;8;5;6
241;5;9;6;5;6;9;5;5
242;5;9;6;5;6;8;5;5
243;5;9;6;5;6;8;5;5
244;6;8;7;5;6;8;5;5
245;6;9;7;5;6;8;4;5
246;6;9;8;5;6;8;4;5
247;6;9;8;5;6;7;4;5
248;6;9;8;5;5;7;5;5
249;6;9;7;5;5;7;5;5
250;7;9;7;5;4;6;5;5
251;7;9;7;6;4;6;5;5
252;7;10;7;6;4;6;5;5
253;6;9;7;6;4;6;5;6
254;6;9;6;6;4;7;4;6
255;6;9;6;6;4;7;4;6
256;6;9;6;6;4;7;4;5
257;6;9;5;6;4;7;4;5
258;6;9;5;6;4;7;4;5
259;6;9;5;5;4;7;4;5
260;6;10;5;5;4;7;4;5
261;6;10;5;5;4;7;4;5
262;6;9;5;5;4;7;4;5
263;6;9;5;4;3;7;4;5
264;6;9;4;4;3;7;4;4
265;5;8;4;3;3;7;4;4
266;5;8;4;3;3;7;5;5
267;5;8;4;3;3;7;5;5
268;5;8;4;3;3;6;5;4
269;5;7;4;3;3;6;5;4
270;5;7;4;3;3;6;5;3
271;4;7;4;3;3;6;5;3
272;4;7;4;3;3;6;5;3
273;4;7;4;3;3;6;5;3
274;3;8;3;3;3;6;5;3
275;3;8;3;3;3;7;5;3
276;3;8;4;3;3;7;5;3
277;3;8;4;4;3;7;5;3
278;2;9;5;4;3;8;5;3
279;2;9;5;4;3;8;5;3
280;2;9;5;4;3;8;5;3
281;2;9;5;4;3;8;5;3
282;2;9;5;4;3;8;5;3
283;2;8;5;4;3;7;5;3
284;3;8;5;4;3;8;5;2
285;3;8;5;4;3;7;5;2
286;3;8;5;4;3;7;5;2
287;3;8;5;4;3;7;5;2
288;3;7;5;4;2;7;4;2
289;3;7;5;5;3;7;4;2
290;3;7;6;5;3;8;4;2
291;3;7;6;5;3;7;4;2
292;3;7;6;5;3;7;4;2
293;3;6;6;5;2;7;4;2
294;3;6;6;5;3;7;4;2
295;3;6;6;5;3;7;4;2
296;3;7;6;5;3;7;4;2
297;3;7;6;5;3;7;4;2
298;3;7;6;6;3;7;4;2
299;3;7;6;6;3;7;4;2
300;3;7;7;5;3;7;4;2
301;3;7;7;5;2;7;5;2
302;4;7;7;5;2;7;5;3
303;4;7;7;5;2;7;4;3
304;4;7;6;5;2;7;4;3
305;4;7;6;4;2;8;4;3
306;4;7;6;4;2;8;4;3
307;4;7;6;5;2;7;5;3
308;4;7;6;5;2;7;5;3
309;4;7;7;5;2;7;5;3
310;4;6;7;5;2;7;5;3
311;4;6;7;5;2;7;5;3
312;4;6;8;5;2;6;6;3
313;4;6;8;5;2;6;6;3
314;4;6;8;5;2;6;6;3
315;3;6;7;5;2;6;6;3
316;3;5;7;5;2;6;6;3
317;4;5;7;6;2;6;6;3
318;4;5;7;6;2;6;6;3
319;4;6;7;6;2;6;5;3
320;4;6;7;6;2;6;5;3
321;3;6;7;6;2;6;5;3
322;3;6;7;5;2;6;5;4
323;3;5;7;5;2;7;5;4
324;3;5;7;5;2;7;5;3
325;3;5;7;5;2;6;5;3
326;3;5;7;5;2;6;5;3
327;3;5;7;5;2;6;5;3
328;3;5;7;6;2;6;5;3
329;3;5;7;6;2;6;5;3
330;3;5;7;6;2;6;5;3
331;3;4;7;7;2;6;5;3
332;3;4;8;7;2;6;5;3
333;3;4;8;7;2;6;5;3
334;3;4;8;7;2;6;6;3
335;3;4;8;7;2;6;6;4
336;3;4;8;7;3;6;6;4
337;3;4;8;7;3;6;5;3
338;4;4;8;7;3;6;5;3
339;4;4;8;7;3;6;5;3
340;4;4;8;7;3;6;5;3
341;4;4;8;7;3;6;5;4
342;4;4;8;7;3;6;5;4
343;4;4;8;7;3;7;5;4
344;5;4;9;7;3;7;5;4
345;5;3;9;7;3;7;5;4
346;5;3;9;7;3;6;5;4
347;5;3;8;7;3;6;5;5
348;5;3;8;6;3;6;6;5
349;5;2;7;6;3;5;6;5
350;6;2;7;6;3;5;6;5
351;6;2;7;6;3;6;6;6
352;6;2;7;6;3;6;6;6
353;6;2;7;6;3;6;7;6
354;6;2;7;6;3;6;7;6
355;6;2;7;6;3;5;7;6
356;6;2;7;6;3;5;7;6
357;6;2;7;6;3;5;7;6
358;6;2;7;7;3;5;7;6
359;6;2;7;7;3;5;7;6
360;6;2;8;6;2;5;7;6
361;6;2;7;6;2;4;8;7
362;7;2;7;6;2;5;8;7
363;7;2;7;6;2;5;8;7
364;7;2;7;6;2;5;8;7
365;7;2;7;6;1;5;7;7
366;7;2;7;6;1;5;7;7
367;7;2;7;6;1;5;7;7
368;7;2;7;7;1;5;7;7
369;7;2;7;6;2;5;7;7
370;7;3;7;6;2;5;7;7
371;7;3;6;6;2;5;7;7
372;8;3;6;6;2;5;7;7
373;7;3;6;6;2;5;7;6
374;7;4;6;6;2;5;7;6
375;7;4;7;6;2;5;7;6
376;7;4;7;6;2;4;8;6
377;7;4;7;6;2;4;8;7
378;7;4;7;5;2;4;7;7
379;7;4;7;5;2;4;7;7
380;7;4;6;5;2;4;7;7
381;7;4;6;5;3;5;7;7
382;7;4;6;5;3;5;7;7
383;7;4;5;5;3;5;6;7
384;7;5;5;5;3;5;6;7
385;7;5;5;5;3;5;6;7
386;7;5;5;5;3;5;6;7
387;7;5;5;5;3;5;6;8
388;6;5;4;4;3;5;6;8
389;6;5;4;4;3;5;6;8
390;6;4;4;4;3;5;6;8
391;6;4;4;4;3;5;6;8
392;6;5;5;4;3;5;6;8
393;6;5;5;5;3;5;7;7
394;6;6;5;5;3;4;7;7
395;6;6;5;5;3;4;7;8
396;6;6;5;5;3;4;7;8
397;6;6;5;5;3;4;7;8
398;6;6;5;5;3;4;7;8
399;6;6;5;4;3;4;7;8
400;6;6;5;4;3;4;8;8
401;6;6;5;4;3;5;8;8
402;6;6;5;3;3;5;8;8
403;6;7;4;4;3;5;8;8
404;6;7;4;4;3;5;8;8
405;6;7;4;4;3;6;7;8
406;7;7;5;4;3;6;7;7
407;7;7;5;4;2;6;7;8
408;7;7;6;4;2;6;7;8
409;6;7;6;5;3;7;7;8
410;6;7;6;5;3;7;7;9
411;6;7;6;5;3;7;7;9
412;6;7;6;6;3;7;7;8
413;6;7;6;6;3;7;7;8
414;6;7;6;6;3;6;7;8
415;5;7;5;6;3;6;8;8
416;5;7;5;6;3;6;8;8
417;5;7;5;6;3;6;8;8
418;5;7;5;6;3;6;8;7
419;5;7;5;6;3;6;7;7
420;5;7;5;6;3;6;7;7
421;4;7;5;6;3;6;8;7
422;4;7;5;6;3;5;8;6
423;4;7;5;6;3;5;8;6
424;4;7;5;6;3;5;8;6
425;4;7;5;6;3;5;8;6
426;3;7;5;6;3;5;8;6
427;4;7;5;6;3;5;8;6
428;4;7;5;6;3;6;8;7
429;4;7;6;5;3;6;8;7
430;4;7;6;5;3;6;8;7
431;4;7;5;5;4;6;8;7
432;4;7;5;5;4;6;7;6
433;3;8;5;5;4;5;7;6
434;3;8;5;5;4;5;7;6
435;3;8;5;5;4;5;7;6
436;3;8;5;5;4;5;7;6
437;3;8;5;6;4;5;7;6
438;3;7;5;6;4;5;7;6
439;4;7;5;5;4;5;7;6
440;4;7;5;5;3;5;7;6
441;4;6;5;5;3;5;7;6
442;4;6;5;5;3;5;8;6
443;3;7;5;5;3;5;7;6
444;4;7;5;5;3;5;7;6
445;4;6;5;5;3;5;7;6
446;4;7;4;5;3;5;7;6
447;4;7;4;5;3;5;6;6
448;4;7;4;6;4;5;6;5
449;4;8;4;6;4;5;6;5
450;4;8;4;6;5;5;6;5
451;4;8;4;6;5;5;6;5
452;4;8;5;6;4;4;6;5
453;4;8;5;6;4;4;7;5
454;4;8;6;6;4;4;7;5
455;4;7;6;7;4;4;7;5
456;4;8;7;7;4;4;7;5
457;4;8;7;7;4;4;7;5
458;4;8;7;7;4;4;7;4
459;4;9;7;8;4;4;7;4
460;4;9;8;8;4;4;7;4
461;4;10;8;9;4;4;7;4
462;4;10;9;9;4;4;7;4
463;4;9;8;9;5;4;7;4
464;4;9;8;9;5;4;6;4
465;5;8;8;9;5;4;6;4
466;5;8;8;10;5;4;6;3
467;5;8;8;10;5;4;6;3
468;5;8;8;10;6;4;6;3
469;5;8;8;10;6;4;6;3
470;5;8;8;11;6;4;6;3
471;5;8;8;11;6;4;6;3
472;5;8;8;11;6;3;6;3
473;5;8;8;11;6;3;6;3
474;5;8;9;10;6;3;6;3
475;5;8;9;10;6;3;6;3
476;5;8;9;10;6;2;6;4
477;4;8;8;10;6;2;6;4
478;5;8;8;10;6;2;6;3
479;5;9;7;10;6;2;6;3
480;5;9;7;9;5;1;6;3
481;5;9;7;9;5;1;6;2
482;6;9;7;9;6;1;7;2
483;6;9;7;8;6;1;7;2
484;6;9;7;9;6;1;7;2
485;6;9;7;9;6;2;7;2
486;6;9;7;9;6;2;6;2
487;6;9;7;10;6;2;6;2
488;6;9;7;10;6;2;6;2
489;7;10;7;10;6;2;6;2
490;7;10;7;10;7;3;6;3
491;7;10;7;10;7;3;6;3
492;7;10;8;10;7;3;5;3
493;7;10;8;10;7;3;5;3
494;7;10;9;10;7;3;5;3
495;8;11;9;11;7;3;4;3
496;8;11;9;11;7;3;4;3
497;8;11;9;11;8;3;5;3
498;7;11;9;11;8;3;5;3
499;7;11;9;11;8;2;5;2
500;7;11;8;11;8;2;6;2
501;7;11;8;11;8;2;6;2
502;7;11;8;11;7;2;6;2
503;8;11;8;11;7;2;6;2
504;8;10;8;11;7;2;6;2
505;9;10;8;11;7;2;6;2
506;9;10;8;11;7;2;6;2
507;9;10;9;11;7;2;6;2
508;9;10;9;10;7;2;6;3
509;9;10;9;11;7;2;7;3
510;8;10;9;11;7;2;7;3
511;8;10;9;11;7;2;7;4
512;8;10;9;11;7;2;7;4
513;8;11;9;11;8;2;6;4
514;8;10;9;11;8;3;6;4
515;7;10;9;11;8;3;7;4
516;8;10;9;11;8;3;7;4
517;8;9;9;11;8;4;7;4
518;8;9;9;12;8;4;7;4
519;8;9;9;11;7;4;7;4
520;8;8;9;11;7;4;7;4
521;8;8;9;11;6;4;7;4
522;8;8;9;11;6;4;7;4
523;8;8;8;11;6;5;7;4
524;8;8;8;11;6;5;6;4
525;8;8;8;11;6;5;7;4
526;8;8;8;10;6;5;7;5
527;8;7;7;10;6;5;7;5
528;8;7;7;10;7;6;8;5
529;8;7;7;10;7;6;8;5
530;8;6;7;9;7;6;8;5
531;8;6;6;9;7;6;8;6
532;8;5;6;8;7;6;9;6
533;8;5;5;8;7;6;9;6
534;8;5;5;8;6;6;9;6
535;8;5;5;7;6;6;9;6
536;7;5;5;7;6;7;9;6
537;7;5;6;6;6;7;10;6
538;7;5;6;6;6;7;10;6
539;7;5;6;6;5;7;10;6
540;7;5;6;6;5;7;10;6
541;7;5;6;5;5;7;10;6
542;7;6;6;5;5;7;9;6
543;7;6;7;5;5;7;9;6
544;7;6;7;5;5;7;10;6
545;7;5;6;5;5;7;10;6
546;7;5;6;5;5;7;10;6
547;7;5;6;5;6;7;10;5
548;7;5;6;5;6;7;11;6
549;7;5;6;5;6;7;11;6
550;7;4;6;5;6;8;11;6
551;7;4;6;5;6;8;11;6
552;7;4;7;5;6;8;11;6
553;6;4;7;6;5;8;10;6
554;6;4;7;6;6;8;10;6
555;6;4;8;5;6;8;10;6
556;6;4;8;5;6;7;11;7
557;6;4;8;5;6;7;11;7
558;6;4;8;4;6;7;11;7
559;6;4;8;5;6;7;11;7
560;6;3;8;5;6;7;11;7
561;6;3;8;5;5;6;11;6
562;6;3;9;5;5;7;11;6
563;6;3;8;5;5;7;11;6
564;6;3;8;5;5;7;11;6
565;6;3;7;5;5;7;11;6
566;5;2;7;4;5;7;11;6
567;5;3;7;4;5;7;11;6
568;5;3;7;4;4;8;10;6
569;5;4;7;4;4;8;10;7
570;5;4;7;4;4;8;10;7
571;6;4;7;4;4;8;10;7
572;6;4;7;4;4;8;10;7
573;6;4;8;4;4;8;10;7
574;5;5;8;4;4;8;11;7
575;5;5;8;4;4;8;11;7
576;4;5;9;4;4;8;11;7
577;4;5;9;4;4;8;11;7
578;4;5;8;4;4;8;11;7
579;4;5;8;4;4;8;12;6
580;4;6;8;3;4;9;11;6
581;4;6;8;3;5;9;11;6
582;4;6;8;3;5;9;11;5
583;4;6;8;3;5;9;11;5
584;4;5;8;4;4;9;11;5
585;5;5;8;4;4;8;11;5
586;5;5;8;4;4;8;10;5
587;4;5;8;4;4;8;10;5
588;4;5;8;4;4;7;10;5
589;4;5;8;3;4;7;10;5
590;4;5;8;3;5;7;10;5
591;4;5;8;3;5;7;10;5
592;4;5;8;3;5;7;10;5
593;4;5;8;3;5;7;10;5
594;4;5;8;3;6;6;10;5
595;4;5;8;3;6;6;10;5
596;4;5;7;3;6;6;10;6
597;4;5;7;3;6;6;10;5
598;4;5;7;3;6;6;10;6
599;4;5;7;3;5;6;9;6
600;4;5;7;3;5;6;9;6
601;4;5;8;3;5;6;9;6
602;4;5;8;3;5;6;9;5
603;4;6;8;3;5;6;8;5
604;4;6;8;3;5;6;8;5
605;4;6;8;3;5;7;8;5
606;4;6;8;3;5;7;8;5
607;5;6;8;3;5;6;8;5
608;5;6;7;3;6;6;7;5
609;5;6;7;3;6;6;7;5
610;5;6;7;3;6;6;7;5
611;5;6;7;3;6;6;7;5
612;5;6;7;3;6;6;7;5
613;5;5;7;3;6;6;7;5
614;5;5;6;3;6;6;7;5
615;6;5;6;3;6;6;6;5
616;6;5;6;3;6;6;6;5
617;6;5;6;3;6;6;7;5
618;6;5;6;3;5;6;7;5
619;6;5;6;3;5;6;6;4
620;5;5;6;3;5;7;6;4
621;5;5;6;4;5;6;7;5
622;5;5;6;4;5;6;7;5
623;5;5;6;4;5;6;7;5
624;5;5;6;4;5;6;8;5
625;5;5;6;4;4;6;8;5
626;5;6;5;4;4;6;8;5
627;5;6;5;4;5;6;7;4
628;5;7;5;4;5;6;7;4
629;5;7;5;4;5;6;7;4
630;5;7;5;3;5;6;7;4
631;4;7;5;3;5;6;8;4
632;4;7;5;3;5;6;8;4
633;4;7;4;3;5;5;8;4
634;4;7;4;3;5;5;8;4
635;4;8;4;4;5;5;8;4
636;4;8;4;4;6;5;8;4
637;4;8;4;4;6;5;8;4
638;5;7;4;4;6;5;8;4
639;5;7;4;4;6;4;8;4
640;5;6;4;4;6;4;8;3
641;5;6;4;4;6;4;8;4
642;5;6;4;4;6;4;7;4
643;5;6;4;4;6;4;7;4
644;5;6;3;4;6;4;7;4
645;5;5;4;5;6;4;6;4
646;5;5;4;5;6;4;6;4
647;5;5;4;5;6;4;7;4
648;5;5;4;6;7;4;7;4
649;5;5;4;6;7;4;7;4
650;5;5;4;6;7;4;6;4
651;5;4;4;6;7;3;6;4
652;5;5;4;6;6;4;6;4
653;5;5;5;6;6;4;6;4
654;5;5;5;6;6;5;6;4
655;5;5;5;5;6;5;6;4
656;4;5;5;5;6;5;7;4
657;4;5;5;5;6;5;7;4
658;4;5;5;5;6;5;7;4
659;4;5;5;5;6;5;7;4
660;4;5;6;6;6;5;7;4
661;4;5;6;6;5;5;7;4
662;4;5;6;6;5;5;7;4
663;4;6;6;6;5;5;7;4
664;4;6;6;6;5;5;7;5
665;4;6;6;6;4;5;8;5
666;5;6;6;6;4;5;8;5
667;5;6;6;6;4;5;7;4
668;5;6;6;6;4;5;7;5
669;5;6;6;6;4;5;7;4
670;5;6;6;6;4;4;7;4
671;5;6;6;6;4;4;7;4
672;5;6;5;6;4;4;7;4
673;5;6;6;6;4;4;7;5
674;5;5;6;6;4;4;7;5
675;5;5;6;6;4;4;7;5
676;5;5;6;6;4;3;7;5
677;5;5;6;6;4;3;7;5
678;4;5;6;6;4;3;7;6
679;4;5;6;6;3;3;8;6
680;4;5;6;6;3;3;8;6
681;4;5;6;6;3;3;8;6
682;4;5;6;6;3;3;8;6
683;5;5;6;6;3;3;8;6
684;5;5;6;6;3;3;8;6
685;5;5;6;6;3;4;8;6
686;4;6;6;6;3;4;8;6
687;4;6;6;6;3;4;8;6
688;4;6;6;6;3;4;7;6
689;4;6;6;6;4;4;8;6
690;4;6;6;6;4;4;8;6
691;4;6;6;6;4;3;8;6
692;4;6;6;5;4;3;7;5
693;4;6;6;5;4;3;7;5
694;4;6;5;6;4;3;7;5
695;4;6;5;5;4;3;6;5
696;4;6;6;5;4;3;6;5
697;4;5;6;5;4;3;6;5
698;5;5;6;5;3;3;6;5
699;5;5;6;5;3;3;6;5
700;5;5;6;5;3;3;7;6
701;5;6;6;5;3;3;7;6
702;6;6;6;5;3;3;6;6
703;6;6;6;5;3;3;6;6
704;6;6;6;6;3;3;6;6
705;6;6;6;6;3;3;6;6
706;6;5;6;5;3;3;6;6
707;6;5;6;5;2;3;6;6
708;6;6;6;5;2;3;6;6
709;5;6;6;5;2;3;6;7
710;5;6;6;5;2;3;6;7
711;6;6;6;5;2;3;6;7
712;6;6;6;5;2;3;6;6
713;5;6;6;5;2;3;6;6
714;5;6;6;5;3;3;6;6
715;5;6;6;5;3;3;6;6
716;5;6;5;4;3;3;6;6
717;5;6;5;4;4;3;6;6
718;5;6;4;4;4;3;5;6
719;5;6;4;3;3;3;5;6
720;5;6;4;3;3;3;5;6
721;5;6;4;3;3;3;5;6
722;5;6;4;3;3;3;5;6
723;5;5;4;3;4;2;5;6
724;6;5;3;3;4;2;5;6
725;6;5;3;3;4;1;5;6
726;6;5;3;3;4;1;5;6
727;6;5;3;4;4;1;4;6
728;6;5;3;4;4;1;4;6
729;6;5;3;4;4;1;4;6
730;6;5;3;4;4;1;4;6
731;6;5;2;3;4;1;4;6
732;6;5;2;3;4;1;4;6
733;7;5;2;3;4;1;4;6
734;7;4;2;3;4;2;4;6
735;7;4;2;3;4;2;4;5
736;7;4;2;3;5;2;3;5
737;6;4;2;4;5;2;4;5
738;6;4;2;4;5;2;4;5
739;6;4;2;4;5;2;4;4
740;7;4;2;4;5;2;4;4
741;7;4;2;4;5;2;4;4
742;7;4;2;4;5;2;4;4
743;7;5;2;4;5;3;4;4
744;7;5;1;4;5;3;4;3
745;7;5;1;4;5;3;4;3
746;7;5;1;4;6;3;5;3
747;7;5;2;4;6;3;5;3
748;7;5;2;4;7;3;5;3
749;7;6;2;4;7;3;5;2
750;7;6;2;5;7;3;4;2
751;8;6;2;5;7;3;4;3
752;8;6;2;5;7;3;4;3
753;8;6;2;5;7;3;4;4
754;7;6;2;5;7;3;4;4
755;7;7;2;5;8;3;4;4
756;7;7;3;5;8;2;4;4
757;7;6;3;5;8;2;4;4
758;7;6;3;5;8;2;4;4
759;7;6;3;5;8;2;4;4
760;7;6;3;5;7;2;3;4
761;7;6;3;5;7;2;3;4
762;7;6;3;5;7;2;3;4
763;7;7;3;5;7;2;3;4
764;8;7;3;5;7;2;4;4
765;8;7;3;4;7;2;4;4
766;8;7;4;4;8;2;4;4
767;8;7;3;4;8;2;4;5
768;8;7;3;4;8;2;4;5
769;7;7;3;4;8;2;4;5
770;7;6;3;4;8;2;5;5
771;7;6;3;4;8;2;4;4
772;7;5;3;4;8;3;4;4
773;6;5;3;4;8;3;4;4
774;6;5;4;4;8;3;4;4
775;6;5;4;3;8;3;4;4
776;6;5;4;3;8;3;4;4
777;6;5;4;3;8;3;4;4
778;6;5;4;3;8;3;5;4
779;6;4;4;3;8;3;5;4
780;6;4;4;3;8;3;5;3
781;6;4;4;3;8;3;5;3
782;5;4;4;3;8;3;5;3
783;5;4;4;3;8;3;5;3
784;5;4;4;3;8;3;5;4
785;5;4;4;3;7;3;5;4
786;5;4;4;3;7;3;5;4
787;5;4;4;3;7;4;5;4
788;5;4;4;3;7;4;5;4
789;5;4;4;3;7;4;5;4
790;5;4;4;3;7;4;5;4
791;5;4;4;3;7;4;5;5
792;5;4;4;3;7;4;5;5
793;5;4;4;3;7;4;5;5
794;5;5;4;3;6;4;5;5
795;4;5;4;3;6;4;5;5
796;5;5;4;3;6;4;5;5
797;5;5;4;4;6;4;5;5
798;5;5;4;3;6;5;5;5
799;5;5;4;4;6;5;5;6
800;5;6;4;4;6;5;5;6
801;5;6;4;4;6;5;5;6
802;5;6;4;4;6;5;6;6
803;5;6;4;4;6;5;6;6
804;4;6;4;4;6;5;6;6
805;4;6;4;4;6;4;6;6
806;4;6;4;4;6;4;6;6
807;4;6;4;4;5;4;6;6
808;4;6;4;3;5;4;5;7
809;4;6;4;3;5;4;6;7
810;4;6;4;3;5;4;6;7
811;3;6;4;3;5;4;6;7
812;3;6;5;3;5;4;6;7
813;3;6;5;3;6;4;6;7
814;3;5;5;4;6;3;6;7
815;3;5;6;4;6;3;6;7
816;3;5;6;4;6;3;6;7
817;3;5;6;4;5;3;5;7
818;3;5;6;4;5;3;5;7
819;3;5;6;4;4;3;5;7
820;3;4;6;4;4;3;5;7
821;3;4;6;3;4;3;5;7
822;3;4;6;3;4;3;6;6
823;3;4;6;3;4;3;6;6
824;3;4;7;3;5;3;6;5
825;3;4;7;3;5;3;6;5
826;3;4;7;3;4;3;6;5
827;3;4;6;3;4;3;6;5
828;3;4;6;3;4;3;6;5
829;3;4;6;3;4;3;6;5
830;3;5;6;3;4;3;6;5
831;3;5;6;3;4;3;6;5
832;3;5;6;4;4;3;6;5
833;3;5;6;4;5;4;6;5
834;3;4;6;4;5;4;6;5
835;2;4;6;5;5;4;5;5
836;2;4;6;5;5;4;5;5
837;2;4;5;5;5;4;5;5
838;2;4;5;5;5;4;5;4
839;3;5;5;5;5;4;5;4
840;3;5;5;5;5;4;5;4
841;3;5;5;5;5;4;4;4
842;3;5;5;5;5;4;4;4
843;3;5;5;5;5;3;4;4
844;3;5;5;5;5;3;4;4
845;4;5;4;5;5;3;4;4
846;4;5;4;5;5;3;4;4
847;4;5;4;5;5;3;4;4
848;5;5;4;5;5;3;4;4
849;5;6;4;5;5;3;3;4
850;5;6;4;6;5;3;3;4
851;5;6;4;6;5;4;3;4
852;5;6;4;6;5;4;3;4
853;5;6;4;6;5;4;3;4
854;6;6;4;6;5;4;3;4
855;6;6;4;6;5;4;3;3
856;6;6;5;6;5;4;3;3
857;6;6;5;6;5;5;4;3
858;6;6;5;6;5;4;4;3
859;6;6;5;6;5;4;4;3
860;7;6;5;6;5;4;4;3
861;7;6;5;6;6;4;4;3
862;7;6;5;6;6;4;4;2
863;7;7;5;6;6;4;5;2
864;7;7;6;6;6;5;5;2
865;7;6;6;6;6;5;5;2
866;7;6;6;6;6;5;5;2
867;6;6;6;6;6;5;5;2
868;6;6;6;5;6;5;5;2
869;6;6;6;5;6;4;5;2
870;6;6;6;4;6;4;5;1
871;6;5;6;4;6;4;5;1
872;6;6;6;4;6;4;5;1
873;6;6;6;4;6;4;4;1
874;6;6;6;4;6;4;4;1
875;6;6;6;5;6;4;4;1
876;6;6;6;5;6;4;4;1
877;6;6;6;5;6;4;4;1
878;6;6;6;6;6;4;4;1
879;6;6;6;6;6;4;4;0
880;7;6;6;6;6;5;3;0
881;7;6;6;7;6;5;3;0
882;8;6;6;7;6;5;3;0
883;8;6;5;7;6;5;3;0
884;8;6;5;7;5;5;3;0
885;9;6;5;6;5;5;3;0
886;9;6;4;7;5;5;3;0
887;10;6;4;7;5;5;3;0
888;10;6;4;7;5;5;3;0
889;11;6;3;7;5;5;3;0
890;11;6;3;7;5;5;3;0
891;11;6;3;7;5;5;3;
892;11;6;3;8;5;5;3;
893;10;6;3;8;5;5;2;
894;10;6;3;8;5;5;2;
895;10;6;2;9;4;5;2;
896;10;6;2;9;4;5;2;
897;10;6;3;9;4;6;2;
898;10;6;3;9;4;6;2;
899;10;6;3;9;4;6;2;
900;10;6;3;10;4;6;2;
901;10;5;3;10;4;6;2;
902;10;5;3;10;4;6;2;
903;10;5;3;9;5;6;2;
904;10;6;3;9;4;5;2;
905;10;6;3;9;4;5;2;
906;10;6;3;8;4;5;2;
907;10;6;3;8;4;5;2;
908;10;6;4;8;3;5;2;
909;10;7;4;8;3;5;2;
910;9;6;4;8;3;5;2;
911;9;6;4;9;3;5;2;
912;9;6;4;9;3;6;2;
913;9;6;5;9;3;6;2;
914;9;6;5;9;3;6;2;
915;10;6;5;9;3;6;2;
916;9;6;5;9;3;6;2;
917;9;6;5;9;3;6;2;
918;9;6;5;9;3;6;2;
919;8;6;5;9;3;6;3;
920;8;5;5;9;3;6;3;
921;8;5;5;9;3;6;3;
922;8;5;5;9;3;5;3;
923;8;5;5;9;3;6;3;
924;8;5;5;9;3;6;3;
925;8;5;5;10;3;6;3;
926;8;5;5;10;3;6;3;
927;8;6;4;10;3;6;3;
928;8;6;4;10;3;5;2;
929;8;6;4;10;3;6;2;
930;8;7;4;10;2;6;2;
931;7;7;4;10;2;6;2;
932;8;7;4;10;1;6;2;
933;8;7;4;10;1;6;2;
934;8;6;4;10;1;6;1;
935;9;6;3;10;1;5;1;
936;9;6;3;10;1;5;1;
937;9;6;3;10;1;5;1;
938;9;6;3;10;1;5;1;
939;9;6;3;10;1;5;1;
940;9;6;3;10;1;5;1;
941;9;6;3;10;1;5;1;
942;9;7;3;10;1;5;1;
943;10;6;3;10;1;5;1;
944;10;6;4;11;1;5;1;
945;10;7;4;11;1;5;1;
946;10;7;4;10;1;5;1;
947;10;7;4;11;1;6;1;
948;10;7;5;11;1;6;1;
949;10;7;5;10;1;6;1;
950;10;7;5;10;1;6;1;
951;9;7;5;10;1;5;2;
952;9;7;5;9;1;5;2;
953;8;7;5;9;1;5;2;
954;8;7;6;9;1;5;3;
955;8;7;6;9;1;5;3;
956;7;7;6;9;1;5;3;
957;7;7;6;8;2;5;3;
958;6;7;6;8;2;5;3;
959;6;7;6;8;2;6;3;
960;6;7;6;9;2;6;3;
961;6;8;6;9;2;6;3;
962;6;8;7;9;2;6;3;
963;6;8;7;8;2;6;3;
964;6;8;7;8;2;6;3;
965;6;8;7;8;2;6;3;
966;6;8;7;7;2;6;3;
967;6;8;7;7;3;6;3;
968;7;7;6;7;3;5;3;
969;7;7;6;8;3;5;3;
970;7;7;6;8;3;6;3;
971;7;7;6;7;3;6;3;
972;7;7;6;7;4;6;3;
973;7;7;6;8;4;6;3;
974;7;7;6;8;3;7;3;
975;7;6;6;8;3;7;3;
976;7;6;6;8;4;7;3;
977;7;6;6;9;4;7;3;
978;7;6;6;9;4;7;3;
979;7;6;5;10;4;7;3;
980;7;5;5;10;4;7;3;
981;7;5;5;10;4;7;3;
982;7;5;5;9;4;7;3;
983;7;5;5;9;4;6;3;
984;7;6;5;9;5;6;3;
985;7;6;5;9;5;7;3;
986;6;6;5;9;5;7;3;
987;6;6;5;9;5;7;3;
988;6;6;5;9;5;7;3;
989;7;6;5;9;5;7;3;
990;7;7;5;9;5;7;2;
991;7;7;5;9;5;7;2;
992;7;8;5;8;5;7;2;
993;7;8;5;8;6;7;2;
994;7;8;5;9;6;6;2;
995;7;8;5;9;6;6;2;
996;7;8;5;8;6;6;2;
997;7;8;5;8;6;6;2;
998;7;7;6;8;7;6;2;
999;7;7;6;8;7;6;2;
1000;7;7;7;8;7;5;2;
1001;7;6;7;8;7;5;2;
1002;7;7;7;8;7;5;2;
1003;6;7;7;8;7;6;2;
1004;6;7;7;9;7;6;2;
1005;6;7;7;9;7;6;2;
1006;5;7;7;9;7;6;2;
1007;5;7;7;9;7;6;2;
1008;5;7;7;9;7;6;2;
1009;5;8;7;9;7;6;2;
1010;5;8;7;9;8;6;2;
1011;6;8;7;9;8;6;2;
1012;6;8;7;9;8;6;2;
1013;7;7;7;10;9;6;2;
1014;6;7;7;10;9;6;2;
1015;6;7;6;9;10;6;2;
1016;6;6;6;9;10;6;2;
1017;6;6;6;9;11;6;2;
1018;6;6;6;8;11;5;2;
1019;6;6;6;8;11;5;2;
1020;6;6;6;8;11;5;2;
1021;6;6;6;8;11;5;2;
1022;6;6;6;8;11;5;1;
1023;6;7;6;8;11;5;1;
1024;6;7;6;8;12;6;1;
1025;7;7;5;8;12;6;0;
1026;7;7;5;8;12;6;0;
1027;7;7;5;8;12;6;0;
1028;7;7;5;8;11;6;;
1029;7;7;5;8;11;6;;
1030;7;7;5;9;11;5;;
1031;6;7;5;8;11;5;;
1032;6;6;5;8;11;5;;
1033;6;6;4;8;11;5;;
1034;7;6;5;8;11;5;;
1035;7;6;5;8;11;5;;
1036;7;6;5;8;11;5;;
1037;8;6;5;8;11;5;;
1038;8;6;5;8;10;5;;
1039;7;6;5;8;10;5;;
1040;7;6;5;7;11;5;;
1041;8;6;5;7;11;4;;
1042;8;6;6;7;11;4;;
1043;8;6;6;8;10;4;;
1044;8;6;6;7;10;4;;
1045;8;6;6;7;11;3;;
1046;8;7;6;7;11;3;;
1047;8;7;6;7;10;3;;
1048;8;7;6;6;10;3;;
1049;8;7;6;6;10;3;;
1050;8;7;6;5;10;3;;
1051;8;7;6;5;10;3;;
1052;8;7;7;6;10;3;;
1053;8;7;7;6;10;3;;
1054;8;7;7;6;10;3;;
1055;8;6;6;6;10;3;;
1056;8;6;6;7;10;2;;
1057;8;6;6;7;10;2;;
1058;8;7;6;7;10;2;;
1059;8;7;6;7;10;2;;
1060;7;7;7;7;10;2;;
1061;7;6;7;8;10;3;;
1062;7;7;7;8;10;3;;
1063;7;6;7;8;10;3;;
1064;7;6;7;8;9;3;;
1065;7;6;8;7;9;3;;
1066;7;6;8;7;9;3;;
1067;6;6;8;7;9;3;;
1068;7;6;8;7;9;4;;
1069;7;6;7;7;8;4;;
1070;7;6;7;7;8;5;;
1071;7;6;6;7;8;5;;
1072;7;6;6;7;8;5;;
1073;7;5;6;7;8;5;;
1074;7;5;6;7;8;4;;
1075;8;5;6;6;8;4;;
1076;8;5;6;6;8;5;;
1077;8;5;6;6;8;5;;
1078;8;5;6;6;8;5;;
1079;9;5;6;7;8;5;;
1080;9;4;6;7;8;6;;
1081;9;4;6;7;7;6;;
1082;8;4;6;7;7;6;;
1083;8;4;6;7;8;6;;
1084;7;4;6;6;7;6;;
1085;7;4;6;6;7;6;;
1086;7;4;6;6;7;6;;
1087;7;4;6;6;7;6;;
1088;7;4;7;6;6;6;;
1089;7;4;7;6;6;6;;
1090;7;4;6;6;6;6;;
1091;7;4;6;6;6;6;;
1092;7;4;6;6;6;6;;
1093;7;4;6;6;6;6;;
1094;7;3;6;6;6;6;;
1095;7;3;6;6;5;5;;
1096;7;3;6;6;5;5;;
1097;7;3;6;6;5;5;;
1098;7;3;6;6;5;5;;
1099;7;3;6;6;5;5;;
1100;7;3;6;6;5;5;;
1101;7;4;6;5;5;5;;
1102;7;4;6;5;5;5;;
1103;7;4;6;5;5;5;;
1104;7;4;6;5;5;5;;
1105;6;4;5;5;5;5;;
1106;6;4;5;5;6;5;;
1107;6;4;5;5;6;5;;
1108;5;4;5;5;6;5;;
1109;5;4;5;5;6;5;;
1110;5;4;5;5;6;5;;
1111;5;4;5;5;5;5;;
1112;4;4;6;5;5;5;;
1113;4;4;5;5;5;5;;
1114;4;4;5;4;5;5;;
1115;4;4;5;4;5;5;;
1116;5;4;5;4;4;5;;
1117;5;3;6;4;4;6;;
1118;6;3;6;4;4;6;;
1119;6;3;6;4;4;6;;
1120;6;3;6;4;4;6;;
1121;6;3;6;4;4;6;;
1122;6;3;6;4;5;6;;
1123;6;4;5;3;5;6;;
1124;6;4;5;3;5;6;;
1125;6;4;5;3;5;6;;
1126;6;4;5;3;4;6;;
1127;6;4;5;2;4;6;;
1128;6;4;5;2;4;6;;
1129;6;3;5;2;4;6;;
1130;6;3;6;2;4;6;;
1131;6;3;5;2;4;6;;
1132;6;3;5;1;4;5;;
1133;6;3;5;1;4;5;;
1134;6;3;5;1;4;5;;
1135;6;3;5;1;5;5;;
1136;7;3;4;1;5;5;;
1137;7;3;4;2;5;5;;
1138;7;3;4;2;5;5;;
1139;7;3;4;2;5;4;;
1140;7;3;4;3;5;4;;
1141;7;3;4;3;5;3;;
1142;7;3;4;3;5;3;;
1143;8;3;5;4;5;3;;
1144;8;3;5;4;5;3;;
1145;8;4;5;4;5;3;;
1146;7;4;5;4;6;4;;
1147;7;4;5;4;6;3;;
1148;7;4;6;4;6;3;;
1149;8;5;6;4;6;3;;
1150;7;5;6;3;6;3;;
1151;7;5;7;3;6;2;;
1152;7;5;7;4;6;2;;
1153;7;5;7;4;6;2;;
1154;7;5;7;4;5;2;;
1155;7;5;7;4;5;2;;
1156;7;5;7;4;5;2;;
1157;8;5;7;4;4;2;;
1158;8;5;7;4;4;2;;
1159;8;5;6;5;4;3;;
1160;8;5;6;5;4;3;;
1161;9;5;6;5;4;3;;
1162;9;5;6;5;4;3;;
1163;9;5;6;5;4;3;;
1164;9;5;6;5;4;3;;
1165;9;5;6;5;4;3;;
1166;9;5;6;5;4;3;;
1167;8;6;6;5;4;3;;
1168;8;6;6;6;4;3;;
1169;8;6;6;6;4;3;;
1170;8;6;6;6;4;3;;
1171;8;6;6;6;4;3;;
1172;8;5;6;6;5;3;;
1173;8;5;6;6;5;3;;
1174;9;5;6;6;5;4;;
1175;9;6;6;6;5;4;;
1176;9;6;6;7;5;4;;
1177;9;6;6;7;4;4;;
1178;9;7;6;7;5;4;;
1179;9;7;6;7;5;4;;
1180;9;7;6;7;5;4;;
1181;9;7;6;7;5;4;;
1182;9;7;6;7;5;4;;
1183;9;7;5;7;5;4;;
1184;9;7;5;8;5;4;;
1185;9;7;5;8;5;4;;
1186;9;7;5;9;5;4;;
1187;8;7;5;9;5;4;;
1188;8;7;4;10;5;3;;
1189;7;7;4;10;5;3;;
1190;7;7;4;10;5;3;;
1191;7;7;4;10;5;3;;
1192;7;7;4;10;5;3;;
1193;7;7;4;10;4;3;;
1194;7;6;4;10;5;3;;
1195;7;6;4;10;5;3;;
1196;7;6;4;11;5;3;;
1197;7;6;4;11;5;4;;
1198;7;6;5;11;5;4;;
1199;7;6;5;11;5;4;;
1200;7;6;5;11;5;5;;
1201;8;6;4;11;5;5;;
1202;8;6;4;11;5;5;;
1203;8;6;4;11;5;5;;
1204;8;5;4;11;5;5;;
1205;8;5;4;11;5;5;;
1206;8;5;4;11;5;5;;
1207;7;5;4;11;5;5;;
1208;7;5;4;10;5;5;;
1209;7;5;4;10;5;5;;
1210;6;5;4;11;5;5;;
1211;6;5;4;10;5;5;;
1212;6;5;4;10;5;5;;
1213;6;5;4;10;5;6;;
1214;5;5;3;10;5;6;;
1215;5;5;3;10;6;6;;
1216;5;4;3;10;6;6;;
1217;6;4;4;10;5;5;;
1218;6;4;4;10;5;5;;
1219;6;4;3;10;5;5;;
1220;5;3;3;10;5;5;;
1221;5;3;3;10;5;5;;
1222;5;3;2;10;5;5;;
1223;5;3;2;9;5;5;;
1224;5;3;2;9;5;5;;
1225;5;3;2;9;5;5;;
1226;5;4;2;9;5;5;;
1227;5;4;2;9;5;5;;
1228;4;4;2;9;5;5;;
1229;4;5;2;9;5;5;;
1230;5;5;2;8;6;4;;
1231;5;5;2;8;6;4;;
1232;4;5;2;8;6;4;;
1233;4;5;2;8;7;4;;
1234;4;5;2;8;7;4;;
1235;4;5;3;8;7;4;;
1236;4;5;3;8;7;4;;
1237;4;5;3;8;8;4;;
1238;4;4;3;8;8;4;;
1239;4;4;3;7;8;4;;
1240;4;4;3;7;9;4;;
1241;5;4;3;7;9;4;;
1242;5;4;3;7;9;4;;
1243;6;4;3;7;8;4;;
1244;6;4;3;8;8;4;;
1245;5;4;3;8;8;3;;
1246;5;3;4;8;8;3;;
1247;5;3;4;7;9;3;;
1248;5;3;4;8;9;3;;
1249;5;2;4;8;8;3;;
1250;5;2;4;8;8;3;;
1251;5;2;4;8;8;3;;
1252;5;2;4;8;8;3;;
1253;5;2;4;9;8;3;;
1254;5;3;4;9;8;3;;
1255;5;3;4;9;8;3;;
1256;5;3;4;9;8;4;;
1257;5;3;5;8;8;4;;
1258;5;3;5;8;9;4;;
1259;5;3;5;7;9;4;;
1260;5;4;6;7;9;4;;
1261;5;4;6;7;9;4;;
1262;5;4;6;7;9;4;;
1263;5;4;6;7;10;4;;
1264;5;4;6;7;10;4;;
1265;6;4;7;7;9;4;;
1266;6;4;7;7;10;4;;
1267;6;4;7;6;10;4;;
1268;6;4;7;6;10;3;;
1269;6;4;6;6;10;3;;
1270;6;4;6;6;11;3;;
1271;6;4;6;6;11;2;;
1272;5;5;6;6;11;2;;
1273;5;5;6;6;11;2;;
1274;5;5;6;7;11;2;;
1275;5;5;6;7;11;2;;
1276;5;5;6;7;11;2;;
1277;5;5;7;8;10;2;;
1278;5;5;7;8;10;2;;
1279;5;5;7;8;10;3;;
1280;5;5;7;8;10;3;;
1281;5;5;7;7;10;3;;
1282;5;5;7;7;10;3;;
1283;5;5;8;7;11;3;;
1284;5;5;8;7;11;2;;
1285;5;5;8;6;11;2;;
1286;5;5;8;6;10;2;;
1287;5;5;8;6;10;2;;
1288;4;5;7;6;11;2;;
1289;4;5;7;6;11;2;;
1290;5;6;7;6;11;2;;
1291;5;6;7;6;11;2;;
1292;5;6;7;6;11;2;;
1293;5;6;7;6;11;2;;
1294;5;6;7;6;11;2;;
1295;5;6;7;6;11;2;;
1296;5;6;7;6;11;2;;
1297;5;5;7;6;11;2;;
1298;5;5;7;6;11;3;;
1299;5;5;7;6;11;3;;
1300;5;4;7;6;11;3;;
1301;4;4;7;6;10;4;;
1302;4;4;7;6;10;4;;
1303;5;4;7;6;10;4;;
1304;5;4;7;6;9;4;;
1305;5;4;7;6;9;4;;
1306;5;5;6;6;9;4;;
1307;5;5;6;6;9;4;;
1308;5;5;6;6;9;4;;
1309;5;5;6;6;9;4;;
1310;5;5;6;6;9;4;;
1311;5;5;6;6;8;4;;
1312;4;5;6;6;8;4;;
1313;4;5;6;6;9;4;;
1314;3;5;6;6;9;4;;
1315;3;5;6;5;9;4;;
1316;3;5;6;5;9;4;;
1317;3;6;5;5;9;4;;
1318;3;6;5;5;8;4;;
1319;3;6;5;4;8;4;;
1320;3;7;5;4;8;4;;
1321;4;7;5;4;8;4;;
1322;4;7;5;4;8;4;;
1323;4;7;5;4;8;4;;
1324;5;7;5;3;8;4;;
1325;5;6;6;3;9;4;;
1326;5;6;6;2;9;4;;
1327;5;6;6;2;9;3;;
1328;5;6;5;2;10;3;;
1329;5;6;5;2;9;3;;
1330;5;6;5;2;9;3;;
1331;5;5;4;2;9;3;;
1332;5;5;4;2;10;3;;
1333;5;5;5;2;10;3;;
1334;5;5;5;3;9;3;;
1335;5;5;6;3;9;3;;
1336;5;5;5;3;9;3;;
1337;5;5;5;3;8;3;;
1338;5;5;5;3;8;3;;
1339;5;5;5;3;8;3;;
1340;5;5;6;3;8;3;;
1341;5;5;6;3;7;3;;
1342;6;5;6;4;7;3;;
1343;6;4;6;4;8;3;;
1344;6;4;7;4;8;3;;
1345;6;4;7;3;8;3;;
1346;6;4;7;3;8;3;;
1347;6;4;7;3;8;3;;
1348;6;5;6;2;8;3;;
1349;6;5;6;2;8;3;;
1350;6;5;6;2;8;2;;
1351;6;5;6;3;8;2;;
1352;6;5;6;3;8;2;;
1353;6;5;6;3;8;2;;
1354;6;5;5;3;7;2;;
1355;6;5;5;3;8;2;;
1356;6;5;5;3;8;2;;
1357;6;5;5;3;8;2;;
1358;6;5;5;3;8;2;;
1359;6;5;5;3;7;2;;
1360;6;5;5;3;7;2;;
1361;5;4;5;3;7;2;;
1362;5;4;6;3;8;2;;
1363;5;4;6;3;8;2;;
1364;5;4;7;3;8;2;;
1365;5;4;7;3;8;2;;
1366;6;4;7;3;8;2;;
1367;6;4;8;3;8;2;;
1368;6;4;8;3;8;2;;
1369;6;4;8;3;8;1;;
1370;6;4;8;3;8;1;;
1371;6;4;8;3;8;1;;
1372;6;4;8;3;8;0;;
1373;6;4;8;3;8;0;;
1374;5;4;8;3;8;0;;
1375;5;4;8;3;8;0;;
1376;5;4;8;3;8;0;;
1377;5;3;8;3;9;0;;
1378;5;3;9;3;9;0;;
1379;5;3;9;3;8;0;;
1380;5;3;9;3;8;0;;
1381;5;3;9;3;8;0;;
1382;5;4;9;3;8;0;;
1383;5;4;10;3;8;0;;
1384;5;4;10;3;7;0;;
1385;5;4;10;3;7;0;;
1386;5;5;10;3;7;0;;
1387;5;5;10;3;7;0;;
1388;5;4;10;3;7;0;;
1389;5;4;11;3;7;0;;
1390;5;5;11;3;7;0;;
1391;5;4;12;3;7;0;;
1392;5;4;12;3;7;0;;
1393;5;4;12;3;7;0;;
1394;5;4;12;3;7;0;;
1395;4;4;12;4;7;0;;
1396;4;4;11;4;6;0;;
1397;4;4;11;4;7;0;;
1398;4;4;12;4;7;0;;
1399;4;4;12;4;6;0;;
1400;4;4;12;4;6;0;;
1401;4;4;12;4;6;0;;
1402;4;5;12;5;6;0;;
1403;4;5;12;5;6;0;;
1404;4;5;11;5;6;0;;
1405;4;5;11;4;6;0;;
1406;4;5;10;4;6;0;;
1407;3;5;10;4;6;0;;
1408;3;5;10;4;6;0;;
1409;3;5;10;4;6;0;;
1410;3;5;10;4;6;0;;
1411;3;5;9;4;6;0;;
1412;3;5;9;4;6;0;;
1413;2;5;9;3;6;0;;
1414;2;5;9;3;5;;;
1415;2;5;8;3;5;;;
1416;2;6;9;3;5;;;
1417;2;6;9;3;5;;;
1418;2;6;9;3;5;;;
1419;2;5;10;3;5;;;
1420;2;5;10;3;6;;;
1421;2;5;10;3;6;;;
1422;2;5;10;2;6;;;
1423;2;5;10;2;6;;;
1424;2;5;10;2;6;;;
1425;3;5;10;2;6;;;
1426;3;5;10;2;5;;;
1427;3;5;10;2;5;;;
1428;3;5;10;2;5;;;
1429;3;5;10;2;5;;;
1430;3;5;10;2;5;;;
1431;3;5;10;2;5;;;
1432;3;5;10;2;5;;;
1433;4;5;9;2;4;;;
1434;4;5;9;2;4;;;
1435;4;5;8;2;4;;;
1436;4;5;8;2;4;;;
1437;4;5;8;3;4;;;
1438;4;5;7;3;4;;;
1439;4;5;8;3;4;;;
1440;4;5;8;3;4;;;
1441;4;6;8;3;4;;;
1442;4;6;8;3;4;;;
1443;4;6;8;3;4;;;
1444;4;6;8;3;4;;;
1445;4;6;8;3;4;;;
1446;4;6;8;3;4;;;
1447;4;6;8;3;4;;;
1448;5;6;9;3;3;;;
1449;5;7;8;3;3;;;
1450;5;7;8;3;3;;;
1451;5;7;9;3;3;;;
1452;5;7;9;3;3;;;
1453;5;6;9;3;3;;;
1454;5;6;8;4;3;;;
1455;5;6;8;4;3;;;
1456;5;6;8;4;3;;;
1457;5;5;8;4;4;;;
1458;5;6;8;4;4;;;
1459;5;6;8;4;4;;;
1460;5;6;7;4;4;;;
1461;5;5;7;4;4;;;
1462;5;5;6;4;4;;;
1463;4;5;6;4;4;;;
1464;4;5;6;4;4;;;
1465;4;5;7;4;4;;;
1466;4;5;7;3;4;;;
1467;5;5;7;3;4;;;
1468;5;5;7;3;3;;;
1469;5;5;6;3;3;;;
1470;6;5;6;3;3;;;
1471;6;5;6;3;3;;;
1472;6;5;6;3;3;;;
1473;6;5;6;2;3;;;
1474;6;5;6;2;2;;;
1475;6;5;7;2;2;;;
1476;6;5;7;2;2;;;
1477;6;5;7;2;2;;;
1478;6;5;7;2;2;;;
1479;6;6;7;2;2;;;
1480;6;6;7;2;2;;;
1481;6;6;7;2;2;;;
1482;6;6;7;2;2;;;
1483;6;6;7;2;2;;;
1484;6;7;7;2;2;;;
1485;6;7;8;2;3;;;
1486;6;7;8;2;3;;;
1487;6;6;7;2;3;;;
1488;6;6;7;3;3;;;
1489;6;6;7;3;3;;;
1490;6;7;6;4;3;;;
1491;6;7;6;4;2;;;
1492;6;7;6;4;2;;;
1493;6;7;6;4;2;;;
1494;7;7;6;4;2;;;
1495;7;7;6;4;2;;;
1496;6;7;6;4;2;;;
1497;7;7;6;4;2;;;
1498;7;7;6;4;2;;;
1499;7;7;6;5;2;;;
1500;7;8;6;5;2;;;
1501;7;8;6;5;2;;;
1502;7;9;6;5;2;;;
1503;7;9;6;5;2;;;
1504;6;9;6;5;2;;;
1505;6;9;6;5;2;;;
1506;6;9;6;5;2;;;
1507;6;9;6;5;2;;;
1508;5;9;6;5;2;;;
1509;5;9;6;5;2;;;
1510;5;9;5;5;2;;;
1511;5;9;5;5;2;;;
1512;5;8;5;5;2;;;
1513;5;8;5;5;2;;;
1514;5;8;5;5;2;;;
1515;5;8;5;5;2;;;
1516;5;8;5;5;2;;;
1517;5;8;5;5;2;;;
1518;6;8;6;5;2;;;
1519;5;8;5;5;2;;;
1520;5;7;5;5;2;;;
1521;5;7;5;5;2;;;
1522;5;7;4;5;2;;;
1523;5;7;4;5;2;;;
1524;5;7;4;5;2;;;
1525;5;7;4;4;2;;;
1526;5;7;4;4;2;;;
1527;5;7;4;4;2;;;
1528;5;7;4;4;1;;;
1529;5;6;4;4;1;;;
1530;5;6;4;4;1;;;
1531;5;6;4;4;1;;;
1532;5;6;4;4;1;;;
1533;5;7;5;4;1;;;
1534;5;7;5;4;1;;;
1535;5;7;5;4;1;;;
1536;5;7;5;4;1;;;
1537;5;7;5;4;1;;;
1538;4;7;5;4;1;;;
1539;4;8;5;4;1;;;
1540;4;8;5;4;1;;;
1541;3;8;5;4;1;;;
1542;3;9;5;4;1;;;
1543;3;9;5;4;1;;;
1544;3;8;5;5;1;;;
1545;3;8;5;5;1;;;
1546;4;8;4;5;1;;;
1547;4;8;4;5;1;;;
1548;4;8;4;5;1;;;
1549;4;8;4;5;1;;;
1550;4;7;4;5;1;;;
1551;4;7;4;5;1;;;
1552;4;7;5;6;1;;;
1553;4;7;5;6;1;;;
1554;4;8;5;6;1;;;
1555;4;7;5;6;1;;;
1556;4;7;4;6;0;;;
1557;4;7;4;6;0;;;
1558;4;7;4;6;0;;;
1559;4;7;4;5;0;;;
1560;4;7;4;5;0;;;
1561;4;6;4;5;0;;;
1562;4;6;4;5;0;;;
1563;4;6;4;5;0;;;
1564;4;6;4;5;0;;;
1565;3;6;4;5;0;;;
1566;3;6;5;5;;;;
1567;3;6;5;5;;;;
1568;2;6;5;5;;;;
1569;2;6;5;5;;;;
1570;2;6;5;4;;;;
1571;2;5;5;5;;;;
1572;2;5;5;5;;;;
1573;2;4;5;5;;;;
1574;2;4;5;5;;;;
1575;2;5;5;5;;;;
1576;2;5;5;5;;;;
1577;2;5;5;5;;;;
1578;2;5;5;5;;;;
1579;2;5;5;4;;;;
1580;2;5;5;4;;;;
1581;3;5;5;4;;;;
1582;3;5;5;4;;;;
1583;3;6;5;4;;;;
1584;3;6;5;4;;;;
1585;3;6;5;4;;;;
1586;3;6;5;4;;;;
1587;3;6;5;4;;;;
1588;3;6;5;4;;;;
1589;3;6;4;4;;;;
1590;3;7;5;4;;;;
1591;4;7;5;4;;;;
1592;4;7;5;4;;;;
1593;4;7;5;4;;;;
1594;4;7;5;4;;;;
1595;4;7;5;4;;;;
1596;4;7;5;4;;;;
1597;4;7;5;4;;;;
1598;5;7;5;4;;;;
1599;5;7;5;4;;;;
1600;5;7;5;4;;;;
1601;5;7;5;4;;;;
1602;5;7;5;4;;;;
1603;5;7;5;5;;;;
1604;5;6;4;5;;;;
1605;5;6;5;5;;;;
1606;5;6;5;5;;;;
1607;5;6;4;5;;;;
1608;5;6;4;5;;;;
1609;5;6;4;5;;;;
1610;6;5;4;5;;;;
1611;6;6;4;5;;;;
1612;6;6;4;5;;;;
1613;6;5;5;5;;;;
1614;6;6;5;5;;;;
1615;6;6;5;4;;;;
1616;6;6;5;4;;;;
1617;5;6;5;5;;;;
1618;5;6;5;5;;;;
1619;5;6;5;5;;;;
1620;5;7;5;5;;;;
1621;5;7;5;5;;;;
1622;6;7;5;5;;;;
1623;6;7;4;4;;;;
1624;6;7;4;4;;;;
1625;6;6;5;4;;;;
1626;6;6;5;4;;;;
1627;6;6;6;4;;;;
1628;7;6;6;4;;;;
1629;7;6;7;4;;;;
1630;7;6;7;4;;;;
1631;7;6;7;4;;;;
1632;7;7;7;3;;;;
1633;7;7;7;3;;;;
1634;7;7;7;3;;;;
1635;7;7;7;3;;;;
1636;7;7;7;4;;;;
1637;7;7;6;4;;;;
1638;7;7;6;4;;;;
1639;7;7;6;4;;;;
1640;7;7;6;4;;;;
1641;7;7;6;4;;;;
1642;7;7;6;3;;;;
1643;7;7;6;3;;;;
1644;7;7;6;3;;;;
1645;7;7;6;3;;;;
1646;7;7;6;4;;;;
1647;7;7;6;4;;;;
1648;7;7;6;4;;;;
1649;7;8;6;4;;;;
1650;7;8;6;4;;;;
1651;7;8;6;5;;;;
1652;6;9;6;5;;;;
1653;6;9;6;5;;;;
1654;6;8;6;5;;;;
1655;6;8;6;5;;;;
1656;6;8;6;5;;;;
1657;6;9;6;5;;;;
1658;7;9;6;5;;;;
1659;7;9;6;5;;;;
1660;6;9;6;5;;;;
1661;6;8;5;5;;;;
1662;5;8;5;5;;;;
1663;5;8;5;5;;;;
1664;5;8;5;5;;;;
1665;5;8;5;5;;;;
1666;5;8;5;5;;;;
1667;5;8;5;5;;;;
1668;6;8;5;5;;;;
1669;5;9;5;5;;;;
1670;5;9;5;5;;;;
1671;5;9;5;5;;;;
1672;5;9;5;5;;;;
1673;5;9;5;5;;;;
1674;5;9;5;4;;;;
1675;5;9;5;4;;;;
1676;5;9;4;4;;;;
1677;5;10;4;4;;;;
1678;6;10;4;5;;;;
1679;6;10;4;5;;;;
1680;6;11;4;5;;;;
1681;5;11;4;5;;;;
1682;5;10;4;6;;;;
1683;5;10;5;6;;;;
1684;5;10;4;6;;;;
1685;5;9;4;6;;;;
1686;6;9;4;6;;;;
1687;6;9;4;6;;;;
1688;6;9;4;5;;;;
1689;7;10;4;5;;;;
1690;7;10;5;5;;;;
1691;7;9;5;5;;;;
1692;7;9;5;5;;;;
1693;6;9;5;5;;;;
1694;6;9;5;5;;;;
1695;6;10;5;5;;;;
1696;6;10;4;5;;;;
1697;6;10;5;5;;;;
1698;6;10;4;5;;;;
1699;5;10;4;5;;;;
1700;5;10;3;5;;;;
1701;5;10;3;5;;;;
1702;5;10;3;5;;;;
1703;5;9;3;5;;;;
1704;5;9;4;5;;;;
1705;5;9;4;5;;;;
1706;5;9;4;5;;;;
1707;5;9;4;4;;;;
1708;5;10;4;4;;;;
1709;5;10;4;4;;;;
1710;5;10;4;4;;;;
1711;5;10;4;4;;;;
1712;5;10;4;4;;;;
1713;5;10;4;4;;;;
1714;6;10;4;4;;;;
1715;6;10;4;4;;;;
1716;6;10;4;4;;;;
1717;6;9;4;3;;;;
1718;6;9;4;3;;;;
1719;6;10;4;3;;;;
1720;6;9;4;3;;;;
1721;6;10;4;3;;;;
1722;6;10;4;2;;;;
1723;7;10;4;2;;;;
1724;7;10;5;2;;;;
1725;7;10;5;2;;;;
1726;7;10;5;2;;;;
1727;7;10;5;2;;;;
1728;7;9;5;2;;;;
1729;6;10;5;2;;;;
1730;6;10;5;2;;;;
1731;6;10;5;2;;;;
1732;6;10;5;2;;;;
1733;7;10;5;2;;;;
1734;7;10;5;2;;;;
1735;7;10;5;2;;;;
1736;7;10;6;2;;;;
1737;7;10;6;2;;;;
1738;7;10;6;2;;;;
1739;6;10;6;2;;;;
1740;6;9;6;2;;;;
1741;6;9;6;2;;;;
1742;6;10;6;2;;;;
1743;7;10;6;2;;;;
1744;7;10;6;2;;;;
1745;7;10;6;2;;;;
1746;7;10;6;2;;;;
1747;7;10;6;2;;;;
1748;7;9;6;2;;;;
1749;6;9;6;1;;;;
1750;6;9;6;1;;;;
1751;6;8;6;1;;;;
1752;6;8;6;1;;;;
1753;6;8;6;0;;;;
1754;6;8;5;0;;;;
1755;6;8;5;0;;;;
1756;6;8;5;0;;;;
1757;5;8;5;0;;;;
1758;5;8;5;0;;;;
1759;5;8;5;0;;;;
1760;4;7;5;0;;;;
1761;4;7;4;0;;;;
1762;4;7;4;0;;;;
1763;5;7;4;0;;;;
1764;5;7;4;0;;;;
1765;5;7;4;0;;;;
1766;5;6;4;0;;;;
1767;5;6;4;0;;;;
1768;6;7;3;0;;;;
1769;6;7;3;0;;;;
1770;6;7;3;0;;;;
1771;6;7;3;0;;;;
1772;6;7;3;0;;;;
1773;6;7;3;0;;;;
1774;6;7;3;0;;;;
1775;6;7;2;0;;;;
1776;6;7;2;0;;;;
1777;6;7;2;0;;;;
1778;6;7;2;0;;;;
1779;6;7;2;;;;;
1780;6;7;2;;;;;
1781;6;7;2;;;;;
1782;6;7;2;;;;;
1783;6;7;3;;;;;
1784;6;7;3;;;;;
1785;5;7;3;;;;;
1786;5;7;3;;;;;
1787;5;7;4;;;;;
1788;6;7;4;;;;;
1789;6;7;4;;;;;
1790;6;6;4;;;;;
1791;6;6;4;;;;;
1792;6;5;5;;;;;
1793;6;5;5;;;;;
1794;5;4;5;;;;;
1795;5;4;5;;;;;
1796;5;4;5;;;;;
1797;5;4;5;;;;;
1798;6;4;5;;;;;
1799;6;4;5;;;;;
1800;6;3;5;;;;;
1801;6;3;5;;;;;
1802;6;3;5;;;;;
1803;7;3;5;;;;;
1804;6;3;5;;;;;
1805;6;3;5;;;;;
1806;6;3;5;;;;;
1807;6;3;4;;;;;
1808;6;3;4;;;;;
1809;6;3;4;;;;;
1810;6;3;4;;;;;
1811;6;4;4;;;;;
1812;6;4;4;;;;;
1813;6;3;4;;;;;
1814;5;3;4;;;;;
1815;5;3;4;;;;;
1816;5;3;4;;;;;
1817;5;3;4;;;;;
1818;5;3;4;;;;;
1819;5;3;4;;;;;
1820;5;3;4;;;;;
1821;5;4;4;;;;;
1822;5;4;4;;;;;
1823;5;4;4;;;;;
1824;5;5;4;;;;;
1825;5;5;4;;;;;
1826;5;5;4;;;;;
1827;5;5;4;;;;;
1828;6;5;4;;;;;
1829;6;5;4;;;;;
1830;6;5;5;;;;;
1831;7;5;5;;;;;
1832;7;5;5;;;;;
1833;7;5;5;;;;;
1834;6;5;5;;;;;
1835;6;5;5;;;;;
1836;6;5;5;;;;;
1837;6;6;5;;;;;
1838;6;6;5;;;;;
1839;5;6;5;;;;;
1840;5;6;5;;;;;
1841;5;6;5;;;;;
1842;5;6;6;;;;;
1843;5;6;6;;;;;
1844;5;6;6;;;;;
1845;5;6;6;;;;;
1846;5;6;6;;;;;
1847;5;6;6;;;;;
1848;5;6;7;;;;;
1849;5;6;7;;;;;
1850;5;5;7;;;;;
1851;5;5;7;;;;;
1852;5;5;7;;;;;
1853;6;5;7;;;;;
1854;6;5;6;;;;;
1855;6;5;6;;;;;
1856;6;5;6;;;;;
1857;6;5;6;;;;;
1858;6;5;5;;;;;
1859;5;5;5;;;;;
1860;5;5;5;;;;;
1861;5;5;5;;;;;
1862;5;5;5;;;;;
1863;5;5;4;;;;;
1864;5;5;4;;;;;
1865;6;5;4;;;;;
1866;6;5;4;;;;;
1867;7;5;4;;;;;
1868;7;5;4;;;;;
1869;6;5;4;;;;;
1870;6;5;4;;;;;
1871;6;5;5;;;;;
1872;6;5;5;;;;;
1873;6;5;5;;;;;
1874;5;5;5;;;;;
1875;5;5;5;;;;;
1876;5;5;5;;;;;
1877;5;5;6;;;;;
1878;5;5;6;;;;;
1879;5;5;6;;;;;
1880;5;5;6;;;;;
1881;5;5;6;;;;;
1882;5;4;6;;;;;
1883;5;4;6;;;;;
1884;5;4;7;;;;;
1885;5;5;7;;;;;
1886;5;5;7;;;;;
1887;5;5;7;;;;;
1888;5;5;7;;;;;
1889;5;5;7;;;;;
1890;5;5;7;;;;;
1891;5;5;7;;;;;
1892;6;4;7;;;;;
1893;6;4;7;;;;;
1894;6;4;7;;;;;
1895;6;3;7;;;;;
1896;6;3;7;;;;;
1897;6;3;7;;;;;
1898;6;3;7;;;;;
1899;5;4;8;;;;;
1900;5;4;8;;;;;
1901;6;4;7;;;;;
1902;5;4;7;;;;;
1903;5;4;7;;;;;
1904;6;5;7;;;;;
1905;6;5;7;;;;;
1906;6;5;7;;;;;
1907;6;5;7;;;;;
1908;6;4;7;;;;;
1909;7;4;7;;;;;
1910;7;3;7;;;;;
1911;7;3;7;;;;;
1912;7;3;7;;;;;
1913;7;4;6;;;;;
1914;7;4;6;;;;;
1915;7;4;6;;;;;
1916;7;4;6;;;;;
1917;7;4;6;;;;;
1918;7;4;6;;;;;
1919;7;4;5;;;;;
1920;7;5;6;;;;;
1921;8;5;6;;;;;
1922;8;5;6;;;;;
1923;8;5;6;;;;;
1924;7;6;6;;;;;
1925;7;6;6;;;;;
1926;7;6;6;;;;;
1927;7;6;6;;;;;
1928;7;6;6;;;;;
1929;7;6;6;;;;;
1930;7;6;6;;;;;
1931;8;6;6;;;;;
1932;8;6;6;;;;;
1933;8;6;6;;;;;
1934;8;6;6;;;;;
1935;8;6;7;;;;;
1936;7;6;7;;;;;
1937;7;6;6;;;;;
1938;6;6;6;;;;;
1939;6;6;6;;;;;
1940;6;7;6;;;;;
1941;6;7;6;;;;;
1942;6;7;5;;;;;
1943;6;7;5;;;;;
1944;6;7;5;;;;;
1945;6;7;5;;;;;
1946;6;7;5;;;;;
1947;6;8;5;;;;;
1948;6;8;4;;;;;
1949;6;8;5;;;;;
1950;6;8;5;;;;;
1951;6;8;5;;;;;
1952;6;9;5;;;;;
1953;6;9;5;;;;;
1954;6;9;5;;;;;
1955;7;9;4;;;;;
1956;7;8;4;;;;;
1957;7;8;4;;;;;
1958;7;8;4;;;;;
1959;7;8;4;;;;;
1960;7;8;4;;;;;
1961;7;8;4;;;;;
1962;7;8;4;;;;;
1963;6;8;4;;;;;
1964;6;9;4;;;;;
1965;6;9;5;;;;;
1966;6;9;5;;;;;
1967;6;10;5;;;;;
1968;6;10;5;;;;;
1969;6;11;5;;;;;
1970;6;10;4;;;;;
1971;6;10;4;;;;;
1972;5;10;4;;;;;
1973;5;10;4;;;;;
1974;5;10;4;;;;;
1975;4;9;4;;;;;
1976;4;10;5;;;;;
1977;4;10;5;;;;;
1978;4;10;5;;;;;
1979;4;10;5;;;;;
1980;4;11;5;;;;;
1981;4;11;5;;;;;
1982;4;11;6;;;;;
1983;4;11;6;;;;;
1984;4;10;7;;;;;
1985;4;10;7;;;;;
1986;4;11;7;;;;;
1987;4;11;7;;;;;
1988;4;11;7;;;;;
1989;4;11;7;;;;;
1990;4;11;7;;;;;
1991;4;10;6;;;;;
1992;3;10;6;;;;;
1993;3;10;6;;;;;
1994;3;10;6;;;;;
1995;4;9;6;;;;;
1996;4;9;6;;;;;
1997;4;9;6;;;;;
1998;4;9;6;;;;;
1999;4;9;6;;;;;
2000;4;9;7;;;;;
2001;5;9;7;;;;;
2002;4;9;7;;;;;
2003;4;9;7;;;;;
2004;5;9;7;;;;;
2005;5;9;7;;;;;
2006;5;10;6;;;;;
2007;5;10;6;;;;;
2008;5;10;6;;;;;
2009;5;11;7;;;;;
2010;6;11;7;;;;;
2011;6;10;7;;;;;
2012;6;11;7;;;;;
2013;6;11;7;;;;;
2014;6;12;7;;;;;
2015;6;12;7;;;;;
2016;6;12;7;;;;;
2017;6;12;7;;;;;
2018;6;11;7;;;;;
2019;6;11;7;;;;;
2020;6;11;6;;;;;
2021;6;11;6;;;;;
2022;7;11;6;;;;;
2023;7;10;6;;;;;
2024;8;10;6;;;;;
2025;8;10;6;;;;;
2026;7;10;6;;;;;
2027;7;10;6;;;;;
2028;7;11;6;;;;;
2029;7;11;6;;;;;
2030;7;11;6;;;;;
2031;7;11;6;;;;;
2032;7;11;7;;;;;
2033;7;11;7;;;;;
2034;7;11;7;;;;;
2035;7;10;7;;;;;
2036;7;10;6;;;;;
2037;7;10;6;;;;;
2038;7;9;6;;;;;
2039;7;9;6;;;;;
2040;7;8;6;;;;;
2041;7;8;6;;;;;
2042;7;8;6;;;;;
2043;7;9;6;;;;;
2044;7;9;6;;;;;
2045;7;9;6;;;;;
2046;8;9;7;;;;;
2047;8;8;6;;;;;
2048;8;8;6;;;;;
2049;8;8;6;;;;;
2050;8;8;6;;;;;
2051;7;7;6;;;;;
2052;7;7;6;;;;;
2053;7;7;5;;;;;
2054;7;8;5;;;;;
2055;7;8;4;;;;;
2056;7;8;4;;;;;
2057;7;7;4;;;;;
2058;7;7;4;;;;;
2059;7;8;4;;;;;
2060;7;8;4;;;;;
2061;7;8;4;;;;;
2062;7;8;4;;;;;
2063;8;8;4;;;;;
2064;8;8;4;;;;;
2065;8;8;4;;;;;
2066;7;8;4;;;;;
2067;7;8;4;;;;;
2068;7;8;4;;;;;
2069;7;8;4;;;;;
2070;7;8;4;;;;;
2071;7;8;3;;;;;
2072;6;8;3;;;;;
2073;7;8;3;;;;;
2074;7;8;3;;;;;
2075;7;8;3;;;;;
2076;7;8;3;;;;;
2077;7;7;3;;;;;
2078;7;7;3;;;;;
2079;7;7;3;;;;;
2080;7;6;2;;;;;
2081;6;6;2;;;;;
2082;6;6;2;;;;;
2083;6;6;2;;;;;
2084;6;6;2;;;;;
2085;6;5;2;;;;;
2086;6;5;2;;;;;
2087;6;5;2;;;;;
2088;6;5;2;;;;;
2089;6;5;2;;;;;
2090;6;5;3;;;;;
2091;6;5;3;;;;;
2092;6;6;3;;;;;
2093;5;6;3;;;;;
2094;5;6;3;;;;;
2095;4;6;3;;;;;
2096;4;6;3;;;;;
2097;4;6;3;;;;;
2098;4;6;3;;;;;
2099;4;5;3;;;;;
2100;4;5;3;;;;;
2101;4;5;3;;;;;
2102;4;5;3;;;;;
2103;4;6;2;;;;;
2104;4;6;2;;;;;
2105;4;6;2;;;;;
2106;4;6;2;;;;;
2107;4;6;2;;;;;
2108;4;6;2;;;;;
2109;4;6;2;;;;;
2110;4;6;2;;;;;
2111;4;6;2;;;;;
2112;5;6;2;;;;;
2113;5;6;2;;;;;
2114;5;5;2;;;;;
2115;5;5;2;;;;;
2116;5;5;2;;;;;
2117;4;5;1;;;;;
2118;4;5;1;;;;;
2119;4;5;1;;;;;
2120;4;5;1;;;;;
2121;5;5;1;;;;;
2122;5;5;1;;;;;
2123;5;5;1;;;;;
2124;5;5;1;;;;;
2125;5;4;1;;;;;
2126;5;4;1;;;;;
2127;5;5;1;;;;;
2128;5;5;1;;;;;
2129;5;5;1;;;;;
2130;6;5;1;;;;;
2131;6;5;1;;;;;
2132;6;5;1;;;;;
2133;6;5;1;;;;;
2134;5;5;1;;;;;
2135;5;6;1;;;;;
2136;5;6;1;;;;;
2137;5;6;1;;;;;
2138;5;6;1;;;;;
2139;5;7;1;;;;;
2140;5;7;1;;;;;
2141;5;7;1;;;;;
2142;5;7;1;;;;;
2143;5;7;1;;;;;
2144;5;7;1;;;;;
2145;5;7;2;;;;;
2146;4;7;2;;;;;
2147;5;8;2;;;;;
2148;5;8;2;;;;;
2149;5;8;2;;;;;
2150;5;8;2;;;;;
2151;5;8;2;;;;;
2152;5;8;2;;;;;
2153;5;8;2;;;;;
2154;6;7;2;;;;;
2155;6;7;2;;;;;
2156;6;7;2;;;;;
2157;7;7;2;;;;;
2158;7;7;2;;;;;
2159;7;7;3;;;;;
2160;7;8;3;;;;;
2161;7;8;3;;;;;
2162;7;8;3;;;;;
2163;7;7;3;;;;;
2164;7;7;3;;;;;
2165;7;7;3;;;;;
2166;7;7;3;;;;;
2167;7;7;3;;;;;
2168;7;7;3;;;;;
2169;8;7;3;;;;;
2170;8;7;3;;;;;
2171;8;7;3;;;;;
2172;8;7;3;;;;;
2173;8;7;3;;;;;
2174;8;6;3;;;;;
2175;8;6;3;;;;;
2176;8;6;3;;;;;
2177;8;6;3;;;;;
2178;8;6;3;;;;;
2179;8;6;3;;;;;
2180;8;6;3;;;;;
2181;8;6;3;;;;;
2182;8;6;3;;;;;
2183;7;6;3;;;;;
2184;7;7;3;;;;;
2185;7;7;3;;;;;
2186;7;7;3;;;;;
2187;7;7;3;;;;;
2188;7;7;3;;;;;
2189;7;7;3;;;;;
2190;7;7;3;;;;;
2191;7;7;3;;;;;
2192;6;7;3;;;;;
2193;6;7;3;;;;;
2194;6;7;3;;;;;
2195;6;7;3;;;;;
2196;6;7;3;;;;;
2197;6;7;3;;;;;
2198;6;6;3;;;;;
2199;6;6;3;;;;;
2200;6;6;3;;;;;
2201;5;6;3;;;;;
2202;5;6;3;;;;;
2203;5;6;3;;;;;
2204;5;6;3;;;;;
2205;5;6;3;;;;;
2206;5;5;3;;;;;
2207;5;5;3;;;;;
2208;5;5;3;;;;;
2209;6;5;3;;;;;
2210;6;4;3;;;;;
2211;6;4;3;;;;;
2212;6;4;3;;;;;
2213;6;4;3;;;;;
2214;6;4;3;;;;;
2215;5;4;3;;;;;
2216;5;4;2;;;;;
2217;5;4;2;;;;;
2218;4;3;2;;;;;
2219;4;3;2;;;;;
2220;4;3;2;;;;;
2221;4;3;2;;;;;
2222;4;3;2;;;;;
2223;4;3;2;;;;;
2224;4;3;2;;;;;
2225;3;3;2;;;;;
2226;3;3;2;;;;;
2227;3;3;2;;;;;
2228;2;3;2;;;;;
2229;2;3;2;;;;;
2230;2;3;1;;;;;
2231;2;2;1;;;;;
2232;2;2;0;;;;;
2233;2;2;0;;;;;
2234;2;2;;;;;;
2235;2;2;;;;;;
2236;2;2;;;;;;
2237;2;2;;;;;;
2238;2;2;;;;;;
2239;2;2;;;;;;
2240;1;2;;;;;;
2241;1;2;;;;;;
2242;1;2;;;;;;
2243;1;2;;;;;;
2244;1;3;;;;;;
2245;1;3;;;;;;
2246;1;3;;;;;;
2247;1;3;;;;;;
2248;1;3;;;;;;
2249;1;3;;;;;;
2250;1;3;;;;;;
2251;1;3;;;;;;
2252;1;3;;;;;;
2253;2;4;;;;;;
2254;2;4;;;;;;
2255;2;3;;;;;;
2256;2;3;;;;;;
2257;2;3;;;;;;
2258;2;3;;;;;;
2259;2;3;;;;;;
2260;2;3;;;;;;
2261;2;3;;;;;;
2262;2;3;;;;;;
2263;2;3;;;;;;
2264;2;3;;;;;;
2265;3;3;;;;;;
2266;3;3;;;;;;
2267;3;3;;;;;;
2268;3;4;;;;;;
2269;4;4;;;;;;
2270;4;4;;;;;;
2271;4;5;;;;;;
2272;4;4;;;;;;
2273;4;4;;;;;;
2274;4;4;;;;;;
2275;4;4;;;;;;
2276;4;4;;;;;;
2277;4;4;;;;;;
2278;4;4;;;;;;
2279;4;4;;;;;;
2280;3;4;;;;;;
2281;3;4;;;;;;
2282;3;4;;;;;;
2283;3;4;;;;;;
2284;3;4;;;;;;
2285;3;4;;;;;;
2286;3;4;;;;;;
2287;3;4;;;;;;
2288;3;4;;;;;;
2289;3;4;;;;;;
2290;3;4;;;;;;
2291;3;4;;;;;;
2292;3;4;;;;;;
2293;3;4;;;;;;
2294;3;4;;;;;;
2295;3;4;;;;;;
2296;3;4;;;;;;
2297;3;4;;;;;;
2298;3;4;;;;;;
2299;3;4;;;;;;
2300;3;4;;;;;;
2301;3;4;;;;;;
2302;3;4;;;;;;
2303;3;4;;;;;;
2304;3;4;;;;;;
2305;3;4;;;;;;
2306;3;4;;;;;;
2307;3;4;;;;;;
2308;3;4;;;;;;
2309;3;4;;;;;;
2310;3;4;;;;;;
2311;3;4;;;;;;
2312;3;4;;;;;;
2313;3;4;;;;;;
2314;3;4;;;;;;
2315;3;3;;;;;;
2316;3;3;;;;;;
2317;3;3;;;;;;
2318;3;3;;;;;;
2319;3;3;;;;;;
2320;3;3;;;;;;
2321;3;3;;;;;;
2322;3;3;;;;;;
2323;3;3;;;;;;
2324;2;2;;;;;;
2325;2;2;;;;;;
2326;2;2;;;;;;
2327;2;2;;;;;;
2328;2;2;;;;;;
2329;2;2;;;;;;
2330;2;2;;;;;;
2331;2;2;;;;;;
2332;2;2;;;;;;
2333;2;2;;;;;;
2334;2;2;;;;;;
2335;2;2;;;;;;
2336;1;2;;;;;;
2337;1;2;;;;;;
2338;1;2;;;;;;
2339;1;1;;;;;;
2340;0;1;;;;;;
2341;0;1;;;;;;
